{"cameraMode":{"drawMode":0,"name":"Shaded","section":"Shading Mode"},"sceneLighting":true,"audioPlay":false,"sceneViewState":{"m_AlwaysRefresh":false,"showFog":true,"showSkybox":true,"showFlares":true,"showImageEffects":true,"showParticleSystems":true,"showVisualEffectGraphs":true,"m_FxEnabled":true},"in2DMode":false,"pivot":{"x":4.965829849243164,"y":1.9505226612091065,"z":0.4810267686843872},"rotation":{"x":-0.1318827122449875,"y":-0.030436640605330468,"z":0.0038959176745265724,"w":-0.990913987159729},"size":16.992332458496095,"orthographic":false}